{
  "peak_layer": 27,
  "peak_magnitude": 112.32861328125,
  "n_refused": 20,
  "n_compliant": 20,
  "magnitudes": {
    "0": 0.14586611092090607,
    "1": 1.0714995861053467,
    "2": 1.8188203573226929,
    "3": 2.4886741638183594,
    "4": 3.266331434249878,
    "5": 2.9250285625457764,
    "6": 4.087684154510498,
    "7": 5.117447853088379,
    "8": 6.579469680786133,
    "9": 7.307464122772217,
    "10": 8.94942855834961,
    "11": 12.14168643951416,
    "12": 14.442447662353516,
    "13": 16.23348617553711,
    "14": 17.70396614074707,
    "15": 18.38744354248047,
    "16": 22.60920524597168,
    "17": 24.82362937927246,
    "18": 30.31623077392578,
    "19": 36.5001220703125,
    "20": 44.49824523925781,
    "21": 53.43877410888672,
    "22": 63.80332946777344,
    "23": 75.20747375488281,
    "24": 86.03959655761719,
    "25": 97.58111572265625,
    "26": 107.18633270263672,
    "27": 112.32861328125
  },
  "top_layers": [
    [
      27,
      112.32861328125
    ],
    [
      26,
      107.18633270263672
    ],
    [
      25,
      97.58111572265625
    ],
    [
      24,
      86.03959655761719
    ],
    [
      23,
      75.20747375488281
    ],
    [
      22,
      63.80332946777344
    ],
    [
      21,
      53.43877410888672
    ],
    [
      20,
      44.49824523925781
    ],
    [
      19,
      36.5001220703125
    ],
    [
      18,
      30.31623077392578
    ]
  ]
}